USE Papyrus; 

INSERT INTO produit (CODART , LIBART , STKALE , STKPHY, QTEANN , UNIMES ) 
VALUES ('I100', 'Papier 1 ex continu' ,100,557,3500, 'B1000'),
('I105' ,'Papier 2 ex continu' ,75,5,2300 ,'B1000') , ('I108' , 'Papier 3 ex continu,' ,200,557,3500, 'B500'),
('I110' ,'Papier 4 ex continu',10,12,63,'B400'),
('P220' , 'Pré imprimé commande',500 ,2500,24500 ,'B500'), ('P230' , 'Pré imprimé facture',500,250,12500,'B500'),
('P240', 'Pré imprimé bulletin paie',500 ,3000,6250 ,'B500'), ('P250' , 'Pré imprimé bon livraison' ,500,2500,24500, 'B500'),
('P270' , 'Pré imprimé bon fabrication' ,500,2500,24500, 'B500'), ('R080' , 'Ruban EpsoN 850' ,10,2,120, 'unité'),
('R132' , 'Ruban imp1200 lignes',25,200,182, 'unité') , ('B002' , 'Bande magnétique 6250',20,12,410 ,'unité'),
('B001' , 'Bande magnétique 1200 ' ,20,87,240 ,'unité') , ('D035' ,'CD R slim 80 mm' ,40,42,150, 'B010') ,
('D050' , 'CD R-W 80mm',50,4,0,'B010');

INSERT INTO fournis 
(NUMFOU , NOMFOU , RUEFOU , VILFOU , CONFOU , SATISF)
VALUES 
('00120','GROBRIGAN' , '20 rue du papier',  '92200 papercity', 'Georges' ,08) ,
('00540' , 'ECLIPSE' ,'53, rue laisse flotter les rubans' , '78250 Bugbugville', 'Nestor',07),
('08700' , 'MEDICIS' , '120 rue des plantes' , '75014 Paris' , 'Lison', NULL), 
('09120', 'DISCOBOL' , '11 rue des sports','85100 La Roche sur Yon' , 'Hercule' ,08),
('09150',  'DEPANPAP' , '26, avenue des locomotives' ,'59987 Coroncountry', 'Pollux' ,05), 
('09180', 'HURRYTAPE', '68, boulevard des octets', '04044 Dumpville','Track', NULL);


INSERT INTO entcom (NUMCOM , OBSCOM ,DATCOM , NUMFOU)
VALUES(70010,' ' , 10/02/2007 , '00120'), (70011 ,'Commande urgente' , 01/03/2007 ,'00540') , (70020,' ' ,25/04/2007, '09180'),(70025 , 'Commande urgente',  30/04/2007 ,'09150'),
(70210, 'Commande cadencée' ,05/05/2007, '00120'),(70300, ' ', '06/06/2007', '09120'),(70250 ,C'ommande cadencée' , 02/10/2007 ,  '08700'),
(70620, ' ' ,  02/10/2007 ,'00540'),(70625,' ', 09/10/2007 ,'00120'),(70629, ' ' , 12/10/2007 , '09180');

INSERT INTO ligcom (NUMLIG , QTECDE, PRIUNI , QTELIV ,DERLIV)
VALUES(01 , 3000 ,'470' ,3000 ,15/03/2007),(02, 2000, '485' , 2000, 05/07/2007),(03, 1000, '680', 1000, 20/08/2007),(04 ,200, '40', 250 ,20/02/2007),
(05 ,6000 ,'3500' ,6000 ,31/03/2007),(06, 6000, '2000', 2000 ,31/03/2007),(01, 1000, '600' , 1000 ,16/05/2007),(01, 200, '140', ,31/12/2007),(02, 200 ,'140', , 31/12/2007),
(01, 1000 ,'590' ,1000 ,15/05/2007),(02 ,500 ,'590', 500 ,15/05/2007),(01 ,1000, '470', 1000 ,15/07/2007),(02 ,10000 ,'3500', 10000, 31/08/2007),(01, 50 ,'790', 50 ,31/10/2007),
(01, 15000, '4900', 12000, 15/12/2007),(02 ,10000, '3350', 10000 ,10/11/2007),(01, 200, '600', 200 ,01/11/2007),(01, 1000, '470', 1000 ,15/10/2007),(02 ,10000 ,'3500',10000 ,31/10/2007),
(01, ,200, '140',  ,  31/12/2007),(02, 200, '140', , 31/12/2007);

INSERT INTO vente (DELLIV , QTE1 , PRIX1 , QTE2 , PRIX2 , QTE3 , PRIX3)
VALUES(90 , 0 ,'700', 50 ,'600' , 120 ,'500'),(70 , 0 ,'710', 60, '630' , 100 ,'600'),(60, 0 ,'800', 70, '600', 90, '500'),(90, 0 ,'650', 90 ,'600', 200, '590'),
(30, 0 ,'720', 50,'670', 100, '490'),(90, 10, '705', 50, '630', 120,'500'),(70, 0, '810' , 60 ,'645', 100, '600'),(60, 0, '920', 70, '800' ,90, '700'),
(90, 0 ,'685' , 90, '600', 200, '590'),(30, 0 ,'720' , 50 ,'670', 100, '510'),(90, 5, '795', 30, '720' , 100, '680'),(60, 0, '920', 70, '820', 100, '780'),
(90, 0 ,'900' , 70, '870' , 90 ,'835'),(60, 0, '950' ,70, '850', 90, '790'),(0, 0 ,40, , , , ),(5, 0, '40', 100, '30', , , ),(8, 0 ,'37', , ,  ),(0, 0, '40', , , ),
(5, 0, '40', 100, '30', 5, '0'),(8 ,0 ,'37', , , ),(15, 0 ,'3700', 100, '3500', , ),(30, 0 ,'5200', 100, '5000', , ),(15, 0, '2200', 100, '2000', , ),(30, 0 ,'1500', 100, '1400', 500 ,'1200'),
(30, 0, '1500', 100 ,'1400', 500, '1200'),(20, 50, '3500', 100, '3350', , ),(60, 0, '5000', 50, '4900', , ),(10, 0, '120', 100, '100', , ),(5, 0, '275', , , ),
(15, 0, '150', 50, '145', 100, '140'),(15, 0, '210', 50 ,'200', 100, '185');
